{"cameraMode":{"drawMode":0,"name":"Shaded","section":"Shading Mode"},"sceneLighting":true,"audioPlay":false,"sceneViewState":{"showFog":true,"showMaterialUpdate":false,"showSkybox":true,"showFlares":true,"showImageEffects":true,"showParticleSystems":true},"in2DMode":false,"pivot":{"x":203.8274688720703,"y":29.530014038085939,"z":155.93252563476563},"rotation":{"x":-0.06261789053678513,"y":-0.8068897128105164,"z":-0.08699328452348709,"w":0.5809417366981506},"size":12.12435531616211,"orthographic":false}