{"cameraMode":{"drawMode":0,"name":"Shaded","section":"Shading Mode"},"sceneLighting":true,"audioPlay":false,"sceneViewState":{"showFog":true,"showMaterialUpdate":false,"showSkybox":true,"showFlares":true,"showImageEffects":true,"showParticleSystems":true},"in2DMode":false,"pivot":{"x":244.21444702148438,"y":5.800634384155273,"z":176.7770233154297},"rotation":{"x":0.1549655944108963,"y":-0.2549840807914734,"z":0.04146941751241684,"w":0.9535747170448303},"size":2.376347541809082,"orthographic":false}