{"cameraMode":{"drawMode":0,"name":"Shaded","section":"Shading Mode"},"sceneLighting":false,"audioPlay":false,"sceneViewState":{"showFog":true,"showMaterialUpdate":false,"showSkybox":false,"showFlares":true,"showImageEffects":true,"showParticleSystems":true},"in2DMode":false,"pivot":{"x":0.5829381942749023,"y":1.4024709463119507,"z":0.31134355068206789},"rotation":{"x":0.020652834326028825,"y":0.9700458645820618,"z":-0.08900776505470276,"w":0.22508445382118226},"size":1.1814972162246705,"orthographic":false}