{"cameraMode":{"drawMode":0,"name":"Shaded","section":"Shading Mode"},"sceneLighting":false,"audioPlay":false,"sceneViewState":{"showFog":true,"showMaterialUpdate":false,"showSkybox":false,"showFlares":true,"showImageEffects":true,"showParticleSystems":true},"in2DMode":false,"pivot":{"x":-2.086162567138672e-7,"y":0.46881943941116335,"z":-0.02538149058818817},"rotation":{"x":-0.016653360798954965,"y":0.9796175956726074,"z":-0.09167394787073136,"w":-0.17795602977275849},"size":0.5540198683738709,"orthographic":false}