{"cameraMode":{"drawMode":0,"name":"Shaded","section":"Shading Mode"},"sceneLighting":false,"audioPlay":false,"sceneViewState":{"showFog":true,"showMaterialUpdate":false,"showSkybox":false,"showFlares":true,"showImageEffects":true,"showParticleSystems":true},"in2DMode":false,"pivot":{"x":234.5948028564453,"y":1.3724005222320557,"z":174.15176391601563},"rotation":{"x":0.07883357256650925,"y":-0.7309738397598267,"z":0.08569001406431198,"w":0.6724100708961487},"size":1.4947278499603272,"orthographic":false}