{"cameraMode":{"drawMode":0,"name":"Shaded","section":"Shading Mode"},"sceneLighting":false,"audioPlay":false,"sceneViewState":{"showFog":true,"showMaterialUpdate":false,"showSkybox":false,"showFlares":true,"showImageEffects":true,"showParticleSystems":true},"in2DMode":false,"pivot":{"x":224.29444885253907,"y":2.5101726055145265,"z":162.48260498046876},"rotation":{"x":-0.00029677790007553995,"y":0.9947947859764099,"z":-0.10213462263345719,"w":-0.0026825140230357649},"size":0.41427671909332278,"orthographic":false}