{"cameraMode":{"drawMode":0,"name":"Shaded","section":"Shading Mode"},"sceneLighting":false,"audioPlay":false,"sceneViewState":{"showFog":true,"showMaterialUpdate":false,"showSkybox":false,"showFlares":true,"showImageEffects":true,"showParticleSystems":true},"in2DMode":false,"pivot":{"x":224.01890563964845,"y":2.5561981201171877,"z":162.79930114746095},"rotation":{"x":-0.06542354822158814,"y":0.7560238838195801,"z":-0.0764770433306694,"w":-0.646804928779602},"size":0.3073950409889221,"orthographic":false}