{"cameraMode":{"drawMode":0,"name":"Shaded","section":"Shading Mode"},"sceneLighting":false,"audioPlay":false,"sceneViewState":{"showFog":true,"showMaterialUpdate":false,"showSkybox":false,"showFlares":true,"showImageEffects":true,"showParticleSystems":true},"in2DMode":false,"pivot":{"x":234.48448181152345,"y":1.8077400922775269,"z":175.6015167236328},"rotation":{"x":0.0025883791968226434,"y":0.7454567551612854,"z":0.0029032130260020496,"w":-0.6665833592414856},"size":0.6786442995071411,"orthographic":false}