{"cameraMode":{"drawMode":0,"name":"Shaded","section":"Shading Mode"},"sceneLighting":true,"audioPlay":false,"sceneViewState":{"showFog":true,"showMaterialUpdate":false,"showSkybox":true,"showFlares":true,"showImageEffects":true,"showParticleSystems":true},"in2DMode":false,"pivot":{"x":241.23104858398438,"y":1.4831308126449586,"z":168.8799591064453},"rotation":{"x":0.06383161246776581,"y":-0.026941610500216485,"z":0.0017238815780729056,"w":0.9975955486297607},"size":1.13991379737854,"orthographic":true}