{"cameraMode":{"drawMode":0,"name":"Shaded","section":"Shading Mode"},"sceneLighting":false,"audioPlay":false,"sceneViewState":{"showFog":true,"showMaterialUpdate":false,"showSkybox":false,"showFlares":true,"showImageEffects":true,"showParticleSystems":true},"in2DMode":false,"pivot":{"x":225.16871643066407,"y":1.4466184377670289,"z":162.22915649414063},"rotation":{"x":0.0005418237415142357,"y":0.9936341643333435,"z":-0.00477908831089735,"w":0.11256128549575806},"size":1.3096485137939454,"orthographic":false}