{"cameraMode":{"drawMode":0,"name":"Shaded","section":"Shading Mode"},"sceneLighting":false,"audioPlay":false,"sceneViewState":{"showFog":true,"showMaterialUpdate":false,"showSkybox":false,"showFlares":true,"showImageEffects":true,"showParticleSystems":true},"in2DMode":false,"pivot":{"x":0.3923559784889221,"y":0.6448670625686646,"z":0.22880704700946809},"rotation":{"x":0.020652834326028825,"y":0.9700458645820618,"z":-0.08900776505470276,"w":0.22508445382118226},"size":0.5507947206497192,"orthographic":false}