{"cameraMode":{"drawMode":0,"name":"Shaded","section":"Shading Mode"},"sceneLighting":false,"audioPlay":false,"sceneViewState":{"showFog":true,"showMaterialUpdate":false,"showSkybox":false,"showFlares":true,"showImageEffects":true,"showParticleSystems":true},"in2DMode":false,"pivot":{"x":251.87911987304688,"y":6.789999961853027,"z":175.29501342773438},"rotation":{"x":-0.06205156818032265,"y":-0.7068862915039063,"z":0.06252212077379227,"w":-0.7018314003944397},"size":6.279499053955078,"orthographic":false}