{"cameraMode":{"drawMode":0,"name":"Shaded","section":"Shading Mode"},"sceneLighting":false,"audioPlay":false,"sceneViewState":{"showFog":true,"showMaterialUpdate":false,"showSkybox":false,"showFlares":true,"showImageEffects":true,"showParticleSystems":true},"in2DMode":false,"pivot":{"x":223.6897430419922,"y":0.6000000238418579,"z":170.53359985351563},"rotation":{"x":0.07883357256650925,"y":-0.7309738397598267,"z":0.08569001406431198,"w":0.6724100708961487},"size":0.000023789347324054688,"orthographic":false}