{"cameraMode":{"drawMode":0,"name":"Shaded","section":"Shading Mode"},"sceneLighting":false,"audioPlay":false,"sceneViewState":{"showFog":true,"showMaterialUpdate":false,"showSkybox":false,"showFlares":true,"showImageEffects":true,"showParticleSystems":true},"in2DMode":false,"pivot":{"x":224.33909606933595,"y":2.0,"z":162.72128295898438},"rotation":{"x":0.030123749747872354,"y":-0.11041642725467682,"z":0.0033245617523789407,"w":0.9934482574462891},"size":1.0456645488739014,"orthographic":false}