{"cameraMode":{"drawMode":0,"name":"Shaded","section":"Shading Mode"},"sceneLighting":false,"audioPlay":false,"sceneViewState":{"showFog":true,"showMaterialUpdate":false,"showSkybox":false,"showFlares":true,"showImageEffects":true,"showParticleSystems":true},"in2DMode":false,"pivot":{"x":0.24319583177566529,"y":1.3594862222671509,"z":0.3173598647117615},"rotation":{"x":-0.003372637089341879,"y":0.9895424842834473,"z":-0.14228478074073792,"w":-0.023455625399947168},"size":0.47633540630340578,"orthographic":false}