{"cameraMode":{"drawMode":0,"name":"Shaded","section":"Shading Mode"},"sceneLighting":false,"audioPlay":false,"sceneViewState":{"showFog":true,"showMaterialUpdate":false,"showSkybox":false,"showFlares":true,"showImageEffects":true,"showParticleSystems":true},"in2DMode":false,"pivot":{"x":-9.561724662780762,"y":1.966522455215454,"z":5.629415512084961},"rotation":{"x":-0.0410209596157074,"y":-0.9589449763298035,"z":0.2025895118713379,"w":-0.19419661164283753},"size":0.44709330797195437,"orthographic":false}