{"cameraMode":{"drawMode":0,"name":"Shaded","section":"Shading Mode"},"sceneLighting":false,"audioPlay":false,"sceneViewState":{"showFog":true,"showMaterialUpdate":false,"showSkybox":false,"showFlares":true,"showImageEffects":true,"showParticleSystems":true},"in2DMode":false,"pivot":{"x":0.0,"y":0.24620851874351502,"z":0.04149843752384186},"rotation":{"x":-0.09148736298084259,"y":0.15176141262054444,"z":-0.014104022644460202,"w":-0.9840790033340454},"size":0.38942626118659975,"orthographic":false}