{"cameraMode":{"drawMode":0,"name":"Shaded","section":"Shading Mode"},"sceneLighting":false,"audioPlay":false,"sceneViewState":{"showFog":true,"showMaterialUpdate":false,"showSkybox":false,"showFlares":true,"showImageEffects":true,"showParticleSystems":true},"in2DMode":false,"pivot":{"x":238.0028839111328,"y":1.4898236989974976,"z":175.71058654785157},"rotation":{"x":-0.06624402850866318,"y":0.015546613372862339,"z":0.001031143474392593,"w":0.9976897835731506},"size":1.6909141540527344,"orthographic":false}