{"cameraMode":{"drawMode":0,"name":"Shaded","section":"Shading Mode"},"sceneLighting":false,"audioPlay":false,"sceneViewState":{"showFog":true,"showMaterialUpdate":false,"showSkybox":false,"showFlares":true,"showImageEffects":true,"showParticleSystems":true},"in2DMode":false,"pivot":{"x":894.8109741210938,"y":32.993736267089847,"z":-25.976104736328126},"rotation":{"x":-0.031356193125247958,"y":-0.46283912658691409,"z":-0.01641223393380642,"w":0.8857460618019104},"size":127.4754867553711,"orthographic":false}