{"cameraMode":{"drawMode":0,"name":"Shaded","section":"Shading Mode"},"sceneLighting":false,"audioPlay":false,"sceneViewState":{"showFog":true,"showMaterialUpdate":false,"showSkybox":false,"showFlares":true,"showImageEffects":true,"showParticleSystems":true},"in2DMode":false,"pivot":{"x":233.1083221435547,"y":2.5382394790649416,"z":173.67649841308595},"rotation":{"x":0.06492973119020462,"y":-0.7361888885498047,"z":0.0713239535689354,"w":0.6698817014694214},"size":3.253066301345825,"orthographic":false}