{"cameraMode":{"drawMode":0,"name":"Shaded","section":"Shading Mode"},"sceneLighting":false,"audioPlay":false,"sceneViewState":{"showFog":true,"showMaterialUpdate":false,"showSkybox":false,"showFlares":true,"showImageEffects":true,"showParticleSystems":true},"in2DMode":false,"pivot":{"x":0.29002586007118227,"y":1.2325465679168702,"z":0.3473789691925049},"rotation":{"x":0.003312550950795412,"y":0.9891319870948792,"z":-0.14525577425956727,"w":0.02255704067647457},"size":0.7763354182243347,"orthographic":false}