{"cameraMode":{"drawMode":0,"name":"Shaded","section":"Shading Mode"},"sceneLighting":false,"audioPlay":false,"sceneViewState":{"showFog":true,"showMaterialUpdate":false,"showSkybox":false,"showFlares":true,"showImageEffects":true,"showParticleSystems":true},"in2DMode":false,"pivot":{"x":36.33967208862305,"y":12.629493713378907,"z":-64.67955780029297},"rotation":{"x":0.3694503903388977,"y":0.028148047626018525,"z":-0.011197256855666638,"w":0.928756833076477},"size":49.477664947509769,"orthographic":false}