{"cameraMode":{"drawMode":0,"name":"Shaded","section":"Shading Mode"},"sceneLighting":false,"audioPlay":false,"sceneViewState":{"showFog":true,"showMaterialUpdate":false,"showSkybox":false,"showFlares":true,"showImageEffects":true,"showParticleSystems":true},"in2DMode":false,"pivot":{"x":2.5068955421447756,"y":3.95434832572937,"z":-2.03700590133667},"rotation":{"x":0.038455620408058169,"y":0.40109890699386599,"z":-0.01685570366680622,"w":0.9150729179382324},"size":4.814479351043701,"orthographic":false}