{"cameraMode":{"drawMode":0,"name":"Shaded","section":"Shading Mode"},"sceneLighting":false,"audioPlay":false,"sceneViewState":{"showFog":true,"showMaterialUpdate":false,"showSkybox":false,"showFlares":true,"showImageEffects":true,"showParticleSystems":true},"in2DMode":false,"pivot":{"x":242.75474548339845,"y":1.594223976135254,"z":184.38340759277345},"rotation":{"x":-0.014792370609939099,"y":0.9126099348068237,"z":-0.03315116837620735,"w":-0.4072172939777374},"size":2.5801541805267336,"orthographic":false}