{"cameraMode":{"drawMode":0,"name":"Shaded","section":"Shading Mode"},"sceneLighting":true,"audioPlay":false,"sceneViewState":{"showFog":true,"showMaterialUpdate":false,"showSkybox":true,"showFlares":true,"showImageEffects":true,"showParticleSystems":true},"in2DMode":false,"pivot":{"x":251.86000061035157,"y":6.814088821411133,"z":177.19000244140626},"rotation":{"x":-0.04916626587510109,"y":0.653475821018219,"z":0.04260246083140373,"w":0.7541486024856567},"size":2.4237663745880129,"orthographic":false}