{"cameraMode":{"drawMode":0,"name":"Shaded","section":"Shading Mode"},"sceneLighting":false,"audioPlay":false,"sceneViewState":{"showFog":true,"showMaterialUpdate":false,"showSkybox":false,"showFlares":true,"showImageEffects":true,"showParticleSystems":true},"in2DMode":false,"pivot":{"x":219.60719299316407,"y":2.148601770401001,"z":169.0509033203125},"rotation":{"x":0.009196235798299313,"y":0.9213086366653442,"z":0.02183017134666443,"w":-0.3881111145019531},"size":1.393998384475708,"orthographic":false}