{"cameraMode":{"drawMode":0,"name":"Shaded","section":"Shading Mode"},"sceneLighting":false,"audioPlay":false,"sceneViewState":{"showFog":true,"showMaterialUpdate":false,"showSkybox":false,"showFlares":true,"showImageEffects":true,"showParticleSystems":true},"in2DMode":false,"pivot":{"x":28.31318473815918,"y":-1.1486656665802003,"z":15.27299976348877},"rotation":{"x":-0.00005882967889192514,"y":0.9994641542434692,"z":0.032684456557035449,"w":0.0018000145209953189},"size":1.1200674772262574,"orthographic":false}